Tên giày,Giá bán,Hình ảnh
"SAMBA OG TAL ‘BETTER SCARLET...","4500000","https://sneakervietnam.com/wp-content/uploads/2025/10/1IG8905.jpg"
"NEW BALANCE 2002R OFF WHITE [M...","3900000","https://sneakervietnam.com/wp-content/uploads/2025/10/1M2002RCC.jpg"
"NEW BALANCE 2002R MAGNENT LEAD...","3900000","https://sneakervietnam.com/wp-content/uploads/2025/10/1M2002RFB.jpg"
"PUMA SPEEDCAT BALLET GLOSSY BL...","2590000","https://sneakervietnam.com/wp-content/uploads/2025/10/1404263-01.jpg"
"NEW BALANCE 1906R SILVER METAL...","2800000","https://sneakervietnam.com/wp-content/uploads/2025/10/1GC1906CG.jpg"
"AIR JORDAN 1 LOW NEW BEGINNING...","3590000","https://sneakervietnam.com/wp-content/uploads/2025/10/1553558-166.jpg"
"AIR MAX 1 WHITE BLACK NEUTRAL ...","3500000","https://sneakervietnam.com/wp-content/uploads/2025/10/1DZ2628-102.jpg"
"AIR JORDAN 1 LOW SHADOW BROWN ...","3690000","https://sneakervietnam.com/wp-content/uploads/2025/09/1DC0774-200.jpg"
"ADIDAS ADIFOM Q GREY [IE7448]","2490000","https://sneakervietnam.com/wp-content/uploads/2025/09/1IE7448.jpg"
"DUNK LOW LASER FUCHSIA [FB9109...","2490000","https://sneakervietnam.com/wp-content/uploads/2025/09/1FB9109-102.jpg"
"KILLSHOT 2 LEATHER SAIL GUM [4...","2490000","https://sneakervietnam.com/wp-content/uploads/2025/09/1432997-128.jpg"
"NEW BALANCE 740 TRIPLE BLACK [...","2490000","https://sneakervietnam.com/wp-content/uploads/2025/09/1U740BO2.jpg"
"NEW BALANCE 740 TIMBERWOLF WHI...","2690000","https://sneakervietnam.com/wp-content/uploads/2025/09/1U7404OO.jpg"
"AIR JORDAN 4 RETRO CAVE STONE ...","5800000","https://sneakervietnam.com/wp-content/uploads/2025/09/1FQ8138-200.jpg"
"AIR JORDAN 1 LOW MIDNIGHT NAVY...","3290000","https://sneakervietnam.com/wp-content/uploads/2025/09/1553560-146.jpg"
"NEW BALANCE 2002R LIGHT GREY [...","5500000","https://sneakervietnam.com/wp-content/uploads/2025/09/1MR2002RA.jpg"
"ASICS GEL-NYC BROWN STORM TAN ...","3300000","https://sneakervietnam.com/wp-content/uploads/2025/09/11203A477-200.jpg"
"ASICS GEL KAHANA 8 WHITE PINK ...","2690000","https://sneakervietnam.com/wp-content/uploads/2025/09/11012A978-103.jpg"